idserie;entidad;UnidadOrganizacion;idseccion;codserie;serie;valor;ag;ac;total;docgestion;tiposdoc;frecServicio;normatividad;accesibilidad;caracFisicas;fecElaboracion;fecCreate
1;1;1;1;ASUN/01;Estatutos de la universidad;;;;;;;;;;;;
2;1;1;1;ASUN/02;Comit? electoral universitario;;;;;;;;;;;;
3;1;1;1;ASUN/03;Resultados de fiscalizaci?n;;;;;;;;;;;;
4;1;1;1;ASUN/04;Memoria anual;;;;;;;;;;;;
5;1;1;1;ASUN/05;Informes de rendici?n de cuentas del presupuesto;;;;;;;;;;;;
6;1;1;1;ASUN/06;Constituci?n de facultades. Escuelas, unidades de postgrado, escuelas profesionales, departamentos acad?micos;;;;;;;;;;;;
7;1;1;1;ASUN/07;Correspondencia;;;;;;;;;;;;
8;1;2;2;CU/01;Reglamento general de la universidad;;;;;;;;;;;;
9;1;2;2;CU/02;Reglamento de elecciones;;;;;;;;;;;;
10;1;2;2;CU/03;Reglamentos internos especiales;;;;;;;;;;;;
11;1;2;2;CU/04;Plan anual de adquisiciones;;;;;;;;;;;;
12;1;2;2;CU/05;Unidades de organizaci?n;;;;;;;;;;;;
13;1;2;2;CU/06;Planes de estudios;;;;;;;;;;;;
14;1;2;2;CU/07;Planes de trabajo por las unidades acad?micas;;;;;;;;;;;;
15;1;2;2;CU/08;Documentos de Modalidades de ingreso;;;;;;;;;;;;
16;1;2;2;CU/09;Convenios;;;;;;;;;;;;
17;1;2;2;CU/10;Correspondencia;;;;;;;;;;;;
18;1;3;3;PCO/01;Cuaderno de registro;P;10;20;30;;;;;;;;
19;1;3;3;PCO/02;Informe semestral de gesti?n;P;3;27;30;;;;;;;;
20;1;3;3;PCO/03;Correspondencia;T;3;2;5;;;;;;;;
21;1;3;20;PCO-OCRI/6;Convenios;T;6;2;8;;;;;;;;
22;1;3;20;PCO-OCRI/7;Acceso a la informaci?n publica;T;3;2;5;;;;;;;;
23;1;3;20;PCO-OCRI/8;Libro de reclamaciones (virtual);T;;;;;;;;;;;
24;1;3;20;PCO-OCRI/9;Secretaria de instrucci?n del procedimiento por actos de hostigamiento sexual;P;2;28;30;;;;;;;;
25;1;3;20;PCO-OCRI/10;Correspondencia;T;3;2;5;;;;;;;;
26;1;4;4;VPAC/01;Reglamentos, directivas, Lineamientos;P;3;27;30;;;;;;;;
27;1;4;4;VPAC/02;Calendario acad?mico anual;T;1;1;2;;;;;;;;
28;1;4;4;VPAC/03;Modelo educativo;P;5;25;30;;;;;;;;
29;1;4;4;VPAC/04;Movilidad acad?mica;P;3;27;30;;;;;;;;
30;1;4;4;VPAC/05;Bolsa acad?mica;;;;;;;;;;;;
31;1;4;4;VPAC/06;Pasant?as;P;3;27;30;;;;;;;;
32;1;4;4;VPAC/07;Correspondencia;T;2;3;5;;;;;;;;
33;1;4;5;VPAC-PRONABEC/08;Relaci?n de postulantes;T;5;1;6;;;;;;;;
34;1;4;5;VPAC-PRONABEC/09;Control biom?trico de becarios;P;5;25;30;;;;;;;;
35;1;4;5;VPAC-PRONABEC/10;Correspondencia;T;2;3;5;;;;;;;;
36;1;4;6;VPAC-CDI/11;Actas acad?micas;P;5;25;30;;;;;;;;
37;1;4;6;VPAC-CDI/12;Certificados de Estudios;T;3;2;5;;;;;;;;
38;1;4;6;VPAC-CDI/13;Constancias de Estudios;T;3;2;5;;;;;;;;
39;1;4;6;VPAC-CDI/14;Informe de docentes;P;5;25;30;;;;;;;;
40;1;4;6;VPAC-CDI/15;Cuaderno de registro de entrega de documentos;T;3;2;5;;;;;;;;
41;1;4;6;VPAC-CDI/16;Fichas de matriculas;T;2;3;5;;;;;;;;
42;1;4;6;VPAC-CDI/17;Correspondencia;T;2;3;5;;;;;;;;
43;1;4;7;VPAC-CI/20;Plan de trabajo;P;4;26;30;;;;;;;;
44;1;4;7;VPAC-CI/21;Recibos de pago;T;2;3;5;;;;;;;;
45;1;4;7;VPAC-CI/22;Actas de Notas;P;5;25;30;;;;;;;;
46;1;4;7;VPAC-CI/23;Contenido program?ticos;T;1;1;2;;;;;;;;
47;1;4;7;VPAC-CI/24;Portal de atenci?n al cliente PGA;T;2;3;5;;;;;;;;
48;1;4;7;VPAC-CI/25;Correspondencia;T;2;3;5;;;;;;;;
49;1;4;0;VPAC-FC;;;;;;;;;;;;;
50;1;4;0;VPAC-PSyEC;;;;;;;;;;;;;
51;1;4;0;VPAC-ADM;;;;;;;;;;;;;
52;1;4;0;VPAC-FAC;;;;;;;;;;;;;
53;1;4;0;VPAC-EP;;;;;;;;;;;;;
54;1;4;0;VPAC-DPTOACAD;;;;;;;;;;;;;
55;1;10;10;VPIN/01;Reglamento de la Pol?tica general de investigaci?n;P;2;28;30;;;;;;;;
56;1;10;10;VPIN/02;Difusi?n del conocimiento;P;1;29;30;;;;;;;;
57;1;10;10;VPIN/03;Movilidad y pasant?a de docentes e investigadores;P;3;27;30;;;;;;;;
58;1;10;10;VPIN/04;Publicaciones de Producci?n cientifica;P;5;25;30;;;;;;;;
59;1;10;10;VPIN/05;Repositorio Institucional UNAJ;P;3;27;30;;;;;;;;
60;1;10;10;VPIN/06;Correspondencia;T;3;2;5;;;;;;;;
61;1;11;11;DEUN/01;Denuncias;P;10;20;30;;;;;;;;
62;1;11;11;DEUN/03;Conciliaciones;P;10;20;30;;;;;;;;
63;1;11;11;DEUN/04;Normas y pol?ticas de defensa de los derechos de las personas;P;10;20;30;;;;;;;;
64;1;11;11;DEUN/05;Recomendaciones sobre violaciones de derechos;P;10;20;30;;;;;;;;
65;1;11;11;DEUN/06;Informe anual de actividades;T;3;2;5;;;;;;;;
66;1;11;11;DEUN/07;Correspondencia;T;3;2;5;;;;;;;;
67;1;12;12;TRHU/01;Juicios emitidos;;;;;;;;;;;;
68;1;12;12;TRHU/02;Calificaci?n de investigaci?n administrativa disciplinaria Docentes;;;;;;;;;;;;
69;1;12;12;TRHU/03;Calificaci?n de investigaci?n administrativa disciplinaria Estudiantes;;;;;;;;;;;;
70;1;12;12;TRHU/04;Sanciones;;;;;;;;;;;;
71;1;12;12;TRHU/05;Correspondencia;;;;;;;;;;;;
72;1;13;13;CPF/01;Verificaci?n de instancia interna;;;;;;;;;;;;
73;1;13;13;CPF/02;Resultados de la fiscalizaci?n;;;;;;;;;;;;
74;1;13;13;CPF/03;Denuncias;;;;;;;;;;;;
75;1;13;13;CPF/04;Pedidos de los miembros de la Comunidad Universitaria;;;;;;;;;;;;
76;1;13;13;CPF/05;Correspondencia;;;;;;;;;;;;
77;1;14;14;OCI/01;Informes de control posterior;P;5;25;30;;;;;;;;
78;1;14;14;OCI/02;Informes de control simultaneo;T;2;3;5;;;;;;;;
79;1;14;14;OCI/03;Servicios Relacionados;?;;;0;;;;;;;;
80;1;14;14;OCI/09;Correspondencia;T;2;3;5;;;;;;;;
81;1;15;15;OAJ/01;Informes jur?dicos;P;2;28;30;;;;;;;;
82;1;15;15;OAJ/02;Informes Administrativos;P;2;28;30;;;;;;;;
83;1;15;15;OAJ/03;Demanda arbitral;P;2;28;30;;;;;;;;
84;1;15;15;OAJ/04;Cartas notariales;P;2;28;30;;;;;;;;
85;1;15;15;OAJ/05;Expedientes falsos de procesos judiciales;P;2;28;30;;;;;;;;
86;1;15;15;OAJ/06;Procesos Arbitrales;P;2;28;30;;;;;;;;
87;1;15;15;OAJ/07;Copias de Carpeta fiscal;P;2;28;30;;;;;;;;
88;1;15;15;OAJ/08;Procesos Policiales;P;2;28;30;;;;;;;;
89;1;15;15;OAJ/09;Conciliaci?n;P;2;28;30;;;;;;;;
90;1;15;15;OAJ/10;Decretos administrativos;P;2;28;30;;;;;;;;
91;1;15;15;OAJ/11;Denuncias;P;2;28;30;;;;;;;;
92;1;15;15;OAJ/12;Demandas (Laboral, Civil, Contencioso Administrativo);P;2;28;30;;;;;;;;
93;1;15;15;OAJ/13;Libros de actas;P;2;28;30;;;;;;;;
94;1;15;15;OAJ/14;SUNEDU;P;2;28;30;;;;;;;;
95;1;15;15;OAJ/15;Correspondencia;T;2;8;10;;;;;;;;
96;1;16;16;OPP/01;Correspondencia;T;3;2;5;;;;;;;;
97;1;16;17;OPP-UPM/02;Plan Estrat?gico Institucional (PEI);P;4;26;30;;;;;;;;
98;1;16;17;OPP-UPM/03;Plan Operativo Institucional (POI);p;2;28;30;;;;;;;;
99;1;16;17;OPP-UPM/04;Reglamento de Organizaci?n y Funciones (ROF);P;5;25;30;;;;;;;;
100;1;16;17;OPP-UPM/05;Estatuto universitario;P;5;25;30;;;;;;;;
101;1;16;17;OPP-UPM/06;Texto ?nico de Procedimientos Administrativos (TUPA);P;5;25;30;;;;;;;;
102;1;16;17;OPP-UPM/07;Texto ?nico de Servicios No Exclusivos (TUSNE);P;5;25;30;;;;;;;;
103;1;16;17;OPP-UPM/08;Gesti?n de procesos;P;5;25;30;;;;;;;;
104;1;16;17;OPP-UPM/09;Evaluaci?n PEI;P;2;28;30;;;;;;;;
105;1;16;17;OPP-UPM/10;Correspondencia;T;2;3;5;;;;;;;;
106;1;16;18;OPP-UP/11;Certificaciones;P;4;26;30;;;;;;;;
107;1;16;18;OPP-UP/12;Modificaci?n presupuestal (Notas);P;3;27;30;;;;;;;;
108;1;16;18;OPP-UP/13;Presupuesto Inicial de Apertura (PIA);P;3;27;30;;;;;;;;
109;1;16;18;OPP-UP/14;Conciliaciones Marco legal;P;3;27;30;;;;;;;;
110;1;16;18;OPP-UP/15;Formulaci?n de presupuesto Multianual;P;3;27;30;;;;;;;;
111;1;16;18;OPP-UP/16;Correspondencia;T;3;2;5;;;;;;;;
112;1;16;19;OPP-UF/17;Perfil de proyectos;P;10;20;30;;;;;;;;
113;1;16;19;OPP-UF/18;Estudios de perfil de IOAR;P;10;20;30;;;;;;;;
114;1;16;19;OPP-UF/19;Estudios de inversiones no previstas;P;10;20;30;;;;;;;;
115;1;16;19;OPP-UF/20;Programaci?n multianual de Inversiones;P;3;27;30;;;;;;;;
116;1;16;19;OPP-UF/21;Correspondencias;T;3;2;5;;;;;;;;
117;1;23;23;OGC/01;Lineamientos, pol?ticas y directivas de calidad Universitaria;P;10;20;30;;;;;;;;
118;1;23;23;OGC/02;Proceso de Licenciamiento Institucional;P;10;20;30;;;;;;;;
119;1;23;23;OGC/03;Documentos de proceso de Acreditaci?n Universitaria;P;3;27;30;;;;;;;;
120;1;23;23;OGC/04;Informes de Implementaci?n del Sistema de Gesti?n de la Calidad Universitaria;T;3;5;8;;;;;;;;
121;1;23;23;OGC/05;Monitoreo del Sistema de Seguridad de salud en el Trabajo;P;3;27;30;;;;;;;;
122;1;23;23;OGC/06;Condiciones B?sicas de Calidad - CBC;P;3;27;30;;;;;;;;
123;1;23;23;OGC/07;Solicitud de modificaci?n de licencias;P;3;27;30;;;;;;;;
124;1;23;23;OGC/08;Fichas de Monitoreo de Condiciones b?sicas de calidad;T;3;7;10;;;;;;;;
125;1;23;23;OGC/09;Correspondencia;T;2;3;5;;;;;;;;
126;1;3;24;OCII/01;Recortes period?sticos;;;;0;;;;;;;;
127;1;3;24;OCII/02;Memoria anual;;;;0;;;;;;;;
128;1;3;24;OCII/03;Notas de prensa;;;;0;;;;;;;;
129;1;3;24;OCII/04;Peri?dico mural;;;;0;;;;;;;;
130;1;3;24;OCII/05;Archivo Fotogr?fico;;;;0;;;;;;;;
131;1;3;24;OCII/06;Archivo Multimedia;;;;0;;;;;;;;
132;1;3;24;OCII/07;Correspondencia;;;;0;;;;;;;;
133;1;25;25;DIGA/01;Resoluciones administrativas;;;;0;;;;;;;;
134;1;25;25;DIGA/02;Declaraciones juradas de Bienes y Rentas;;;;0;;;;;;;;
135;1;25;25;DIGA/03;Declaraciones juradas de Intereses;;;;0;;;;;;;;
136;1;25;25;DIGA/04;Control interno;;;;0;;;;;;;;
137;1;25;25;DIGA/05;Rendici?n de cuentas;;;;0;;;;;;;;
138;1;25;25;DIGA/06;Diferencias de auditoria;;;;0;;;;;;;;
139;1;25;25;DIGA/07;Cartas notariales;;;;0;;;;;;;;
140;1;25;25;DIGA/08;Sistemas de control Interno;;;;0;;;;;;;;
141;1;25;25;DIGA/09;Auditoria externa;;;;0;;;;;;;;
142;1;25;25;DIGA/10;Correspondencia;;;;0;;;;;;;;
143;1;25;26;DIGA-URH/11;Expedientes de procesos CAS;P;5;25;30;;;;;;;;
144;1;25;26;DIGA-URH/12;Contratos administrativos;P;5;25;30;;;;;;;;
145;1;25;26;DIGA-URH/13;Contratos docentes;P;5;25;30;;;;;;;;
146;1;25;26;DIGA-URH/14;Legajos de personal Docente Ordinario;P;30;0;30;;;;;;;;
147;1;25;26;DIGA-URH/15;Legajos de personal CAS Indeterminado;P;30;0;30;;;;;;;;
148;1;25;26;DIGA-URH/16;Legajos de personal Docente Contratado;P;3;27;30;;;;;;;;
149;1;25;26;DIGA-URH/17;Legajos de personal CAS Determinado;P;3;27;30;;;;;;;;
150;1;25;26;DIGA-URH/18;Planilla de pagos;P;5;25;30;;;;;;;;
151;1;25;26;DIGA-URH/19;Cuadro de asignaci?n de Personal - CAPP;P;3;27;30;;;;;;;;
152;1;25;26;DIGA-URH/20;Presupuesto Analitico de Personal PAP;P;3;27;30;;;;;;;;
153;1;25;26;DIGA-URH/21;Boletas de pago;P;5;25;30;;;;;;;;
154;1;25;26;DIGA-URH/22;Reglamentos, Lineamientos y/o Directivas;P;3;27;30;;;;;;;;
155;1;25;26;DIGA-URH/23;Expediente de sanciones;P;5;25;30;;;;;;;;
156;1;25;26;DIGA-URH/24;?rgano sancionador de informes de no a lugar;P;3;27;30;;;;;;;;
157;1;25;26;DIGA-URH/25;Liquidaci?n de vacaciones truncas;P;3;27;30;;;;;;;;
158;1;25;26;DIGA-URH/26;Reporte de registro de Sanciones;P;5;25;30;;;;;;;;
159;1;25;26;DIGA-URH/27;Plan de desarrollo del personal (Capacitaciones);P;3;27;30;;;;;;;;
160;1;25;26;DIGA-URH/28;Cargo de entrega de certificados y constancias (Varios);T;2;3;5;;;;;;;;
161;1;25;26;DIGA-URH/29;Convenio colectivo;P;3;27;30;;;;;;;;
162;1;25;26;DIGA-URH/30;Control de asistencias;virtual;;;0;;;;;;;;
163;1;25;26;DIGA-URH/31;Memor?ndum;P;3;27;30;;;;;;;;
164;1;25;26;DIGA-URH/32;Correspondencia;T;3;5;8;;;;;;;;
165;1;25;27;DIGA-ABAS/33;Expedientes de contrataci?n de procesos;P;2;28;30;;;;;;;;
166;1;25;27;DIGA-ABAS/34;Expedientes de contratos (Locaci?n, otros);P;2;28;30;;;;;;;;
167;1;25;27;DIGA-ABAS/35;Ordenes de compra y servicios;T;2;3;5;;;;;;;;
168;1;25;27;DIGA-ABAS/36;Correspondencia;T;2;3;5;;;;;;;;
169;1;25;28;DIGA-ALMAC/37;Control de Almac?n;T;3;2;5;;;;;;;;
170;1;25;28;DIGA-ALMAC/38;Nota de Entrada de almac?n;T;3;2;5;;;;;;;;
171;1;25;28;DIGA-ALMAC/39;Correspondencia;T;2;3;5;;;;;;;;
172;1;25;29;DIGA-UEI/40;Expedientes t?cnicos;P;4;26;30;;;;;;;;
173;1;25;29;DIGA-UEI/41;Valorizaciones;P;4;26;30;;;;;;;;
174;1;25;29;DIGA-UEI/42;Liquidaci?n de obras;P;2;28;30;;;;;;;;
175;1;25;29;DIGA-UEI/43;Correspondencia;T;2;3;5;;;;;;;;
176;1;25;30;DIGA-CONTA/44;Libros contables;P;3;27;30;;;;;;;;
177;1;25;30;DIGA-CONTA/45;Libro Mayor;P;3;27;30;;;;;;;;
178;1;25;30;DIGA-CONTA/46;Libro de Inventario y Balance;P;3;27;30;;;;;;;;
179;1;25;30;DIGA-CONTA/47;Movimientos de almac?n;P;3;27;30;;;;;;;;
180;1;25;30;DIGA-CONTA/48;Conciliaciones bancarias;T;2;3;5;;;;;;;;
181;1;25;30;DIGA-CONTA/49;Informaci?n financiera de presupuesto;P;3;27;30;;;;;;;;
182;1;25;30;DIGA-CONTA/50;Inventario de Bienes Patrimoniales;P;3;27;30;;;;;;;;
183;1;25;30;DIGA-CONTA/51;Inventario F?sico de libros de Biblioteca;P;3;27;30;;;;;;;;
184;1;25;30;DIGA-CONTA/52;Saneamiento contable;T;3;7;10;;;;;;;;
185;1;25;30;DIGA-CONTA/53;Declaraciones a la SUNAT;P;3;27;30;;;;;;;;
186;1;25;30;DIGA-CONTA/54;Libros de Cargo;T;2;3;5;;;;;;;;
187;1;25;30;DIGA-CONTA/55;Retenciones;T;2;3;5;;;;;;;;
188;1;25;30;DIGA-CONTA/56;Correspondencia;T;2;8;10;;;;;;;;
189;1;25;31;DIGA-TESO/57;Comprobantes de pago;T(antes P);6;6;12;;;;;;;;
190;1;25;31;DIGA-TESO/58;Recibo de Ingresos RDR;T(antes P);6;4;10;;;;;;;;
191;1;25;31;DIGA-TESO/59;Voucher de deposito;T(antes P);6;4;10;;;;;;;;
192;1;25;31;DIGA-TESO/60;Correspondencia;T;2;3;5;;;;;;;;
193;1;25;33;DIGA-USG/61;Expedientes t?cnicos de mantenimiento;T;3;2;5;;;;;;;;
194;1;25;33;DIGA-USG/62;Correspondencia;T;3;2;5;;;;;;;;
195;1;25;33;DIGA-USG/63;Papeletas de salida vehicular;T;2;3;5;;;;;;;;
196;1;25;33;DIGA-USG/64;SOAT;T;1;1;2;;;;;;;;
197;1;25;33;DIGA-USG/65;Ficha T?cnica vehicular;T;3;2;5;;;;;;;;
198;1;25;33;DIGA-USG/66;Revisiones t?cnicas;T;1;1;2;;;;;;;;
199;1;25;33;DIGA-USG/67;Legajo de conductores;P;5;25;30;;;;;;;;
200;1;25;33;DIGA-USG/68;Correspondencia;T;3;2;5;;;;;;;;
201;1;34;34;OTI/01;Manual de sistemas;P;5;25;30;;;;;;;;
202;1;34;34;OTI/02;Plan de gobierno y transformaci?n digital;P;10;20;30;;;;;;;;
203;1;34;34;OTI/03;Informes de avances en proyectos de tecnolog?a;P;5;25;30;;;;;;;;
204;1;34;34;OTI/04;Plan de trabajo OTI;T;5;5;10;;;;;;;;
205;1;34;34;OTI/05;Pol?ticas y directivas de OTI;P;10;20;30;;;;;;;;
206;1;34;34;OTI/06;Resoluci?n;P;5;25;30;;;;;;;;
207;1;34;34;OTI/07;Informes t?cnicos;P;5;25;30;;;;;;;;
208;1;34;34;OTI/08;Hojas de Cargo de Bienes;T;3;5;8;;;;;;;;
209;1;34;34;OTI/09;Correspondencia;T;3;3;6;;;;;;;;
210;1;34;34;DIGITAL;;;;;;;;;;;;;
211;1;34;34;OTI-DIG/10;BACKUP base de datos;;;;;;;;;;;;
212;1;34;34;OTI-DIG/11;C?digo fuente de sistemas;;;;;;;;;;;;
213;1;34;34;OTI-DIG/12;Licencias;;;;;;;;;;;;
214;1;34;34;OTI-DIG/13;Mesa de ayuda (virtual);;;;;;;;;;;;
215;1;34;34;OTI-DIG/14;Repositorio digital;;;;;;;;;;;;
216;1;34;34;OTI-DIG/15;Documentaci?n ;;;;;;;;;;;;
217;1;34;34;OTI-DIG/16;Diccionario de datos;;;;;;;;;;;;
218;1;35;35;SG/01;Resoluciones de Consejo de Comisi?n;P;3;27;30;;;;;;;;
219;1;35;35;SG/02;Resoluciones Presidenciales;P;3;27;30;;;;;;;;
220;1;35;35;SG/03;Decretos presidenciales;P;3;27;30;;;;;;;;
221;1;35;35;SG/04;Libro de actas;P;2;28;30;;;;;;;;
222;1;35;35;SG/05;Libro de Actas de sesiones de Consejo Universitario;P;2;28;30;;;;;;;;
223;1;35;35;SG/06;Concurso publico de nombramiento;T;1;2;3;;;;;;;;
224;1;35;35;SG/07;Cuadernos de registro;P;3;27;30;;;;;;;;
225;1;35;35;SG/08;Correspondencia;T;2;3;5;;;;;;;;
226;1;35;35;SG-MP/09;Cuadernos de registro de documentos externos;P;2;28;30;;;;;;;;
227;1;35;35;SG-MP/10;Correspondencia;T;1;4;5;;;;;;;;
228;1;3;21;GRTI/01;Expedientes de grado de Bachiller de la Escuela profesional de Gesti?n p?blica y Desarrollo Social;P;3;27;30;;;;;;;;
229;1;3;21;GRTI/02;Expedientes de grado de Bachiller de la Escuela profesional de Ingenier?a Textil y de Confecciones;P;3;27;30;;;;;;;;
230;1;3;21;GRTI/03;Expedientes de grado de Bachiller de la Escuela profesional de Ingenier?a Ambiental y Forestal;P;3;27;30;;;;;;;;
231;1;3;21;GRTI/04;Expedientes de grado de Bachiller de la Escuela profesional de Ingenier?a en Energ?as Renovables;P;3;27;30;;;;;;;;
232;1;3;21;GRTI/05;Expedientes de grado de Bachiller de la Escuela profesional de Ingenier?a Industrias Alimentarias;P;3;27;30;;;;;;;;
233;1;3;21;GRTI/06;Expedientes de grado de Bachiller de la Escuela profesional de Ingenier?a Industrial;P;3;27;30;;;;;;;;
234;1;3;21;GRTI/07;Expedientes de grado de Bachiller de la Escuela profesional de Ingenier?a de Software y Sistemas;P;3;27;30;;;;;;;;
235;1;3;21;GRTI/08;Expedientes de grado de Bachiller de la Escuela profesional de Ingenier?a Mecatr?nica ;P;3;27;30;;;;;;;;
236;1;3;21;GRTI/09;Expedientes de grado de Bachiller de la Escuela profesional de Econom?a;P;3;27;30;;;;;;;;
237;1;3;21;GRTI/10;Expedientes de grado de Bachiller de la Escuela profesional de Administraci?n y Emprendimiento Empresarial;P;3;27;30;;;;;;;;
238;1;3;21;GRTI/11;Expediente de T?tulos;P;3;27;30;;;;;;;;
239;1;3;21;GRTI/12;Registro de titulo profesional (Varias carreras);P;10;20;30;;;;;;;;
240;1;3;21;GRTI/13;Registro de Grado de bachiller (Varias carreras);P;10;20;30;;;;;;;;
241;1;3;21;GRTI/14;Tesis;P;2;28;30;;;;;;;;
242;1;3;21;GRTI/15;Correspondencia;T;3;2;5;;;;;;;;
243;1;35;36;AC/01;Plan Anual de trabajo Archiv?stico (PATA);P;2;28;30;;;;;;;;
244;1;35;36;AC/02;Instrumentos de gesti?n;P;2;28;30;;;;;;;;
245;1;35;36;AC/03;Documentos del CED;P;2;28;30;;;;;;;;
246;1;35;36;AC/04;Documentos de Transferencia;P;2;28;30;;;;;;;;
247;1;35;36;AC/05;Expedientes de Eliminaci?n;P;2;28;30;;;;;;;;
248;1;35;36;AC/06;Inventarios;P;2;28;30;;;;;;;;
249;1;35;36;AC/07;Cat?logos;P;2;28;30;;;;;;;;
250;1;35;36;AC/08;Fichas de evaluaci?n de documentos;P;2;28;30;;;;;;;;
251;1;35;36;AC/09;Programa de Control de Documentos (PCDA);P;2;28;30;;;;;;;;
252;1;35;36;AC/10;Manuales;P;2;28;30;;;;;;;;
253;1;35;36;AC/11;Actas;P;2;28;30;;;;;;;;
254;1;35;36;AC/12;Fichas T?cnicas de series Documentales (FTSD);P;2;28;30;;;;;;;;
255;1;35;36;AC/16;Cuaderno de registro;P;2;28;30;;;;;;;;
256;1;35;36;AC/17;Correspondencia;T;2;3;5;;;;;;;;
257;1;;;1 Nombre de la entidad: UNIVERSIDAD NACIONAL DE JULIACA - UNAJ;;;;Tabla N°;22;;;;;;;;
258;1;;;2. Secci?n:;DIRECCION DE PROYECCION SOCIAL Y EXTENSION CULTURAL;DPSEC/00;;;;;;;;;;;
259;1;;;3. C?digo;4. Nombre de la serie documental;5. Valor de la serie documental;6. Periodo de retenci?n;;;;;;;;;;
260;1;39;39;;;;A.G.;A.C.;Total de a?os de retenci?n;;;;;;;;
261;1;39;39;;;;;;;;;;;;;;
262;1;39;39;;;;;;;;;;;;;;
263;1;39;39;;;;;;;;;;;;;;
264;1;39;39;;;;;;;;;;;;;;
265;1;39;39;;;;;;;;;;;;;;
266;1;39;39;;;;;;;;;;;;;;
267;1;39;39;;;;;;;;;;;;;;
268;1;39;39;;;;;;;;;;;;;;
269;1;39;39;;;;;;;;;;;;;;
270;1;39;39;;;;;;;;;;;;;;
271;1;40;40;DBU/01;Reglamentos, directivas, Lineamientos;P;3;27;30;;;;;;;;
272;1;40;40;DBU/02;Correspondencia;T;1;4;5;;;;;;;;
273;1;40;41;DBU-BIBLIO/03;Libros;P;5;25;30;;;;;;;;
274;1;40;41;DBU-BIBLIO/04;Reglamento;P;5;25;30;;;;;;;;
275;1;40;41;DBU-BIBLIO/06;Correspondencia;T;2;3;5;;;;;;;;
276;1;40;42;DBU-PSICO/05;Fichas Psicol?gicas de estudiantes;T;5;5;10;;;;;;;;
277;1;40;42;DBU-PSICO/06;Correspondencia;T;2;3;5;;;;;;;;
278;1;40;43;DBU-SALUD/07;Fichas de evaluaci?n medica;T;5;5;10;;;;;;;;
279;1;40;43;DBU-SALUD/08;Resultados de laboratorio;T;5;5;10;;;;;;;;
280;1;40;43;DBU-SALUD/09;Constancia de Atenci?n;T;2;3;5;;;;;;;;
281;1;40;43;DBU-SALUD/10;Certificados de Vacunaci?n;T;2;3;5;;;;;;;;
282;1;40;43;DBU-SALUD/11;Fichas de Evaluaci?n nutricional;T;5;5;10;;;;;;;;
283;1;40;43;DBU-SALUD/12;Cuaderno de registro de salida de medicamentos;T;2;3;5;;;;;;;;
284;1;40;43;DBU-SALUD/13;Cuaderno de evaluaci?n medica;T;2;3;5;;;;;;;;
285;1;40;43;DBU-SALUD/14;Correspondencia;T;1;4;5;;;;;;;;
286;1;40;44;DBU-DyR/15;Informe de actividades;T;5;5;10;;;;;;;;
287;1;40;44;DBU-DyR/16;Libro de actas;T;5;0;5;;;;;;;;
288;1;40;44;DBU-DyR/17;Correspondencia;T;2;3;5;;;;;;;;
289;1;40;45;DBU-ARTE/18;Registro de instrumentos;P;3;27;30;;;;;;;;
290;1;40;45;DBU-ARTE/19;Art?culos;P;3;27;30;;;;;;;;
291;1;40;45;DBU-ARTE/20;Informe de actividades;T;3;2;5;;;;;;;;
292;1;40;45;DBU-ARTE/21;Libro de actas;T;3;2;5;;;;;;;;
293;1;40;45;DBU-ARTE/22;Correspondencia;T;2;3;5;;;;;;;;
294;1;40;45;DBU-ARTE/23;Repositorio digital;;;;;;;;;;;;
295;1;40;46;DBU-SS/24;Registro de entregas;P;2;28;30;;;;;;;;
296;1;40;46;DBU-SS/25;Expediente de evaluaci?n de becarios;T;1;4;5;;;;;;;;
297;1;40;46;DBU-SS/26;Informes sociales;T;3;2;5;;;;;;;;
298;1;40;46;DBU-SS/27;Informaci?n del personal;T;3;2;5;;;;;;;;
299;1;40;46;DBU-SS/28;Correspondencia;T;4;1;5;;;;;;;;
300;1;40;47;DBU-CU/29;Registro de entregas;T;1;4;5;;;;;;;;
301;1;40;47;DBU-CU/30;Ficha de supervisi?n a comedor;T;1;4;5;;;;;;;;
302;1;40;47;DBU-CU/31;Fichas de evaluaci?n nutricional y consejer?a;T;3;5;8;;;;;;;;
303;1;40;47;DBU-CU/32;Correspondencia;T;2;3;5;;;;;;;;
304;1;48;48;DIGEAA/02;Correspondencia;T;3;2;5;;;;;;;;
305;1;48;49;DIGEAA-RA/03;Historial acad?mico - Sistema;P;10;20;30;;;;;;;;
306;1;48;49;DIGEAA-RA/04;Documentaci?n personal de estudiantes;P;10;20;30;;;;;;;;
307;1;48;49;DIGEAA-RA/05;Certificado de estudios - Sistema;P;10;20;30;;;;;;;;
308;1;48;49;DIGEAA-RA/06;Constancias;T;3;3;6;;;;;;;;
309;1;48;49;DIGEAA-RA/07;Puestos de ubicaci?n del ranking;T;3;3;6;;;;;;;;
310;1;48;49;DIGEAA-RA/08;Cuadro de m?ritos;T;3;3;6;;;;;;;;
311;1;48;49;DIGEAA-RA/09;Actas de notas;P;5;25;30;;;;;;;;
312;1;48;49;DIGEAA-RA/10;Boleta de notas;T;1;1;2;;;;;;;;
313;1;48;49;DIGEAA-RA/11;Ficha de matriculas (Primera);P;2;28;30;;;;;;;;
314;1;48;49;DIGEAA-RA/12;Resoluci?n;P;2;28;30;;;;;;;;
315;1;48;49;DIGEAA-RA/13;Programas de estudios;;;;;;;;;;;;
316;1;48;49;DIGEAA-RA/14;Correspondencia;T;3;3;6;;;;;;;;
317;1;48;50;DIGEAA-EPDEA/16;Constancia de no adeudar;T;1;1;2;;;;;;;;
318;1;48;50;DIGEAA-EPDEA/17;Informe t?cnico;T;3;3;6;;;;;;;;
319;1;48;50;DIGEAA-EPDEA/18;Expediente de aprobaci?n del plan de trabajo;T;3;3;6;;;;;;;;
320;1;48;50;DIGEAA-EPDEA/19;Correspondencia;T;5;5;10;;;;;;;;
321;1;48;51;DIGEAA-SMD/20;Proceso de evaluaci?n de docentes;P;5;25;30;;;;;;;;
322;1;48;51;DIGEAA-SMD/21;Normas y procedimientos;P;2;28;30;;;;;;;;
323;1;48;51;DIGEAA-SMD/22;Actas de supervisi?n;T;2;3;5;;;;;;;;
324;1;48;51;DIGEAA-SMD/23;Planes de recuperaci?n;T;2;3;5;;;;;;;;
325;1;48;51;DIGEAA-SMD/24;Correspondencia;T;3;2;5;;;;;;;;
326;1;48;52;DIGEAA-SEyBT/25;Sistema de seguimiento de egresados;P;6;24;30;;;;;;;;
327;1;48;52;DIGEAA-SEyBT/26;Gesti?n de Calidad;P;3;27;30;;;;;;;;
328;1;48;52;DIGEAA-SEyBT/27;Bolsa de trabajo;P;6;24;30;;;;;;;;
329;1;48;52;DIGEAA-SEyBT/28;Correspondencia;T;6;1;7;;;;;;;;
330;1;48;53;DIGEAA-TUTOR/28;Orientaci?n psicopedag?gica (Tutor?a);T;5;1;6;;;;;;;;
331;1;48;53;DIGEAA-TUTOR/29;Correspondencia;T;5;1;6;;;;;;;;
332;1;48;54;DIGEAA-CURR/30;Curr?culos;P;6;24;30;;;;;;;;
333;1;48;54;DIGEAA-CURR/31;Evaluaci?n curricular;P;6;24;30;;;;;;;;
334;1;48;54;DIGEAA-CURR/32;Redise?o curricular;P;6;24;30;;;;;;;;
335;1;48;54;DIGEAA-CURR/33;Actualizaci?n Curricular;P;6;24;30;;;;;;;;
336;1;48;54;DIGEAA-CURR/34;Correspondencia;T;6;1;7;;;;;;;;
337;1;3;55;DADM/01;Expediente de proceso de Admisi?n Extraordinario;;;;;;;;;;;;
338;1;3;55;DADM/02;Expediente de proceso de Admisi?n Ordinario;;;;;;;;;;;;
339;1;3;55;DADM/03;Expediente de proceso de Admisi?n CEPRE;;;;;;;;;;;;
340;1;3;55;DADM/04;Hojas de asistencia a procesos de admisi?n;;;;;;;;;;;;
341;1;3;55;DADM/05;Planillas de pago (CEPRE - Admisi?n);;;;;;;;;;;;
342;1;3;55;DADM/06;Correspondencia;;;;;;;;;;;;
343;1;3;56;DADM-CEPRE/07;Reglamentos;;;;;;;;;;;;
344;1;3;56;DADM-CEPRE/08;Plan de trabajo;;;;;;;;;;;;
345;1;3;56;DADM-CEPRE/09;Resoluciones;;;;;;;;;;;;
346;1;3;56;DADM-CEPRE/10;Lista de estudiantes;;;;;;;;;;;;
347;1;3;56;DADM-CEPRE/11;Certificados de estudios de postulantes;;;;;;;;;;;;
348;1;3;56;DADM-CEPRE/12;Libro de actas;;;;;;;;;;;;
349;1;3;56;DADM-CEPRE/13;Ex?menes extraordinarios (Elaboraci?n);;;;;;;;;;;;
350;1;3;56;DADM-CEPRE/14;Ex?menes Ordinarios (Elaboraci?n);;;;;;;;;;;;
351;1;3;56;DADM-CEPRE/15;Ex?menes CEPRE (Elaboraci?n);;;;;;;;;;;;
352;1;3;56;DADM-CEPRE/16;Ex?menes extraordinarios (Estudiantes);;;;;;;;;;;;
353;1;3;56;DADM-CEPRE/17;Ex?menes Ordinarios (Estudiantes);;;;;;;;;;;;
354;1;3;56;DADM-CEPRE/18;Ex?menes CEPRE (Estudiantes);;;;;;;;;;;;
355;1;3;56;DADM-CEPRE/19;Relaci?n de postulantes inscritos;;;;;;;;;;;;
356;1;3;56;DADM-CEPRE/20;Cuadernillos CEPRE;;;;;;;;;;;;
357;1;3;56;DADM-CEPRE/21;Fichas de recambio;;;;;;;;;;;;
358;1;3;56;DADM-CEPRE/22;Informe final de Proceso;;;;;;;;;;;;
359;1;3;56;DADM-CEPRE/23;Resultados del examen;;;;;;;;;;;;
360;1;3;56;DADM-CEPRE/24;Concurso publico de docentes;;;;;;;;;;;;
361;1;3;56;DADM-CEPRE/25;Legajo de docentes;;;;;;;;;;;;
362;1;3;56;DADM-CEPRE/26;Atenci?n de requerimientos;;;;;;;;;;;;
363;1;3;56;DADM-CEPRE/27;Devoluci?n de certificados;;;;;;;;;;;;
364;1;3;56;DADM-CEPRE/28;Cardex;;;;;;;;;;;;
365;1;3;56;DADM-CEPRE/29;Cuaderno de cargos;;;;;;;;;;;;
366;1;3;56;DADM-CEPRE/30;Compendio;;;;;;;;;;;;
367;1;3;56;DADM-CEPRE/31;Correspondencia;;;;;;;;;;;;
368;1;10;57;DPByS/01;Alianzas estrat?gicas Instituciones publicas y privadas;P;2;28;30;;;;;;;;
369;1;10;57;DPByS/02;Documentos de asesoramiento;P;3;27;30;;;;;;;;
370;1;10;57;DPByS/03;Documentos de asistencia t?cnica;P;3;27;30;;;;;;;;
371;1;10;57;DPByS/04;Programas de producci?n;P;3;27;30;;;;;;;;
372;1;10;57;DPByS/05;Pol?ticas, reglamentos y/o normas;P;2;28;30;;;;;;;;
373;1;10;57;DPByS/06;Proyectos de investigaci?n;P;3;27;30;;;;;;;;
374;1;10;57;DPByS/07;Centros de producci?n;P;5;25;30;;;;;;;;
375;1;10;57;DPByS/08;Memoria anual de la direcci?n;P;2;28;30;;;;;;;;
376;1;10;57;DPByS/09;Correspondencia;T;3;2;5;;;;;;;;
377;1;10;58;DIE/01;Documentos de cooperaci?n nacional / internacional;P;3;27;30;;;;;;;;
378;1;10;58;DIE/02;Pol?ticas, reglamentos y normas;P;3;27;30;;;;;;;;
379;1;10;58;DIE/03;Servicios de la incubadora;P;3;27;30;;;;;;;;
380;1;10;58;DIE/04;Procedimientos generales;P;3;27;30;;;;;;;;
381;1;10;58;DIE/05;Directorio de incubados;P;3;27;30;;;;;;;;
382;1;10;58;DIE/06;Personal de contacto de la incubadora;T;1;4;5;;;;;;;;
383;1;10;58;DIE/07;Talleres;T;1;4;5;;;;;;;;
384;1;10;58;DIE/08;Redes de contacto;T;1;4;5;;;;;;;;
385;1;10;58;;Alianzas estrat?gicas;T;2;6;8;;;;;;;;
386;1;10;58;DIE/09;Plataforma de innovaci?n y capacitaci?n;P;3;27;30;;;;;;;;
387;1;10;58;DIE/10;Asesor?a t?cnica;P;4;26;30;;;;;;;;
388;1;10;58;DIE/11;Pol?ticas internas de la incubadora de empresas;P;3;27;30;;;;;;;;
389;1;10;58;DIE/12;Monitoreo y asesor?a de la incubadora;P;3;27;30;;;;;;;;
390;1;10;58;DIE/13;Correspondencia;T;3;2;5;;;;;;;;
391;1;10;59;DITT/01;Normas, reglamentos y directivas;P;3;27;30;;;;;;;;
392;1;10;59;DITT/02;Informaci?n transferible de unidades de investigaci?n;P - Colecci?n;3;27;30;;;;;;;;
393;1;10;59;DITT/03;Producci?n cient?fica;P;5;25;30;;;;;;;;
394;1;10;59;DITT/04;Lineamientos de pol?tica y capacitaci?n;P;3;27;30;;;;;;;;
395;1;10;59;DITT/06;Normas de seguimiento, monitoreo y evaluaci?n de programas;P;5;25;30;;;;;;;;
396;1;10;59;DITT/07;Pol?ticas de vinculaci?n en la UNAJ;P;5;25;30;;;;;;;;
397;1;10;59;DITT/08;Trabajos de investigaci?n generados por la UNAJ;P;5;25;30;;;;;;;;
398;1;10;59;DITT/09;Proyectos de investigaci?n cient?fica;P;5;25;30;;;;;;;;
399;1;10;59;DITT/10;Subvenci?n parcial o total;P;5;25;30;;;;;;;;
400;1;10;59;DITT/12;Repositorio institucional de la UNAJ;P;4;26;30;;;;;;;;
401;1;10;59;DITT/13;Programas de estimulo a la investigaci?n;P;2;28;30;;;;;;;;
402;1;10;59;DITT/14;Correspondencia;T;3;2;5;;;;;;;;
403;1;10;60;ININ/01;Pol?ticas, reglamentos y/o Normas;P;3;27;30;;;;;;;;
404;1;10;60;ININ/02;Semilleros de investigaci?n;P;4;26;30;;;;;;;;
405;1;10;60;ININ/03;C?rculos de investigaci?n;P;4;26;30;;;;;;;;
406;1;10;60;ININ/04;Institutos de investigaci?n;P;5;25;30;;;;;;;;
407;1;10;60;ININ/05;Publicaci?n de investigaciones;P;5;25;30;;;;;;;;
408;1;10;60;ININ/06;Registro de publicaciones oficiales;P;5;25;30;;;;;;;;
409;1;10;60;ININ/07;Correspondencia;T;3;2;5;;;;;;;;
